Start Time (Seconds),End Time (Seconds),Duration (Seconds),Component,Energy Consumption (Joule)
0,25.814,25.814,screen dark,10.54604071812
0,25.814,25.814,wifi running,0.06045432288000001
0,25.814,25.814,phone_scanning,0.49330688971093584
0.0,8.21110200000112,8.21110200000112,core 0 cpu_idle start,0.002575412142300351
0.0,8.212217000022065,8.212217000022065,core 1 cpu_idle start,0.002575761862056921
0.0,8.211230000015348,8.211230000015348,core 2 cpu_idle start,0.002575452289504814
0.0,8.233665000007022,8.233665000007022,core 3 cpu_idle start,0.0025824890272522025
0.0,8.213377000007313,8.213377000007313,core 4 cpu_idle start,0.002576125696052294
0.0,8.41327000001911,8.41327000001911,core 5 cpu_idle start,0.0026388221355059943
