Start Time (Seconds),End Time (Seconds),Duration (Seconds),Component,Energy Consumption (Joule)
0,25.733,25.733,screen dark,10.51294901214
0,25.733,25.733,wifi running,0.06026462736000001
0,25.733,25.733,phone_scanning,0.4917589754757694
0.0,8.160143000015523,8.160143000015523,core 0 cpu_idle start,0.002559428851954869
0.0,8.16198400000576,8.16198400000576,core 1 cpu_idle start,0.0025600062816018066
0.0,8.16008700002567,8.16008700002567,core 2 cpu_idle start,0.0025594112875580513
0.0,8.160098000022117,8.160098000022117,core 3 cpu_idle start,0.002559414737706937
0.0,8.175021000002744,8.175021000002744,core 4 cpu_idle start,0.0025640953366508606
0.0,8.188544000004185,8.188544000004185,core 5 cpu_idle start,0.0025683368256013126
