Start Time (Seconds),End Time (Seconds),Duration (Seconds),Component,Energy Consumption (Joule)
0,25.714,25.714,screen dark,10.505186760119999
0,25.714,25.714,wifi running,0.06022013088000001
0,25.714,25.714,phone_scanning,0.4913958844823353
0.0,8.328933000011602,8.328933000011602,core 0 cpu_idle start,0.0026123698354536392
0.0,8.32789800001774,8.32789800001774,core 1 cpu_idle start,0.002612045207705564
0.0,8.327636000001803,8.327636000001803,core 2 cpu_idle start,0.0026119630314005654
0.0,8.329612000001362,8.329612000001362,core 3 cpu_idle start,0.0026125828038004273
0.0,8.38172200002009,8.38172200002009,core 4 cpu_idle start,0.0026289271053063015
0.0,8.3872080000001,8.3872080000001,core 5 cpu_idle start,0.0026306477892000316
