Start Time (Seconds),End Time (Seconds),Duration (Seconds),Component,Energy Consumption (Joule)
0,25.625,25.625,screen dark,10.7992631625
0,25.625,25.625,wifi running,0.06190590000000001
0,25.625,25.625,phone_scanning,0.5051517497660909
0.0,8.366193000001658,8.366193000001658,core 0 cpu_idle start,0.0027068817451505363
0.0,8.345875000006345,8.345875000006345,core 1 cpu_idle start,0.0027003078562520526
0.0,8.350908000000345,8.350908000000345,core 2 cpu_idle start,0.0027019362834001114
0.0,8.36376900000323,8.36376900000323,core 3 cpu_idle start,0.0027060974599510453
0.0,8.344780000006722,8.344780000006722,core 4 cpu_idle start,0.0026999535690021745
0.0,8.34769000000233,8.34769000000233,core 5 cpu_idle start,0.002700895099500754
