Start Time (Seconds),End Time (Seconds),Duration (Seconds),Component,Energy Consumption (Joule)
0,25.681,25.681,screen dark,10.86049515681
0,25.681,25.681,wifi running,0.06225690744000001
0,25.681,25.681,phone_scanning,0.5080159682411782
0.0,8.400950000010198,8.400950000010198,core 0 cpu_idle start,0.002727578441253311
0.0,8.399914999987232,8.399914999987232,core 1 cpu_idle start,0.002727242402620854
0.0,8.412440000014612,8.412440000014612,core 2 cpu_idle start,0.002731308957004744
0.0,8.40178700000979,8.40178700000979,core 3 cpu_idle start,0.0027278501942281782
0.0,8.434994000010192,8.434994000010192,core 4 cpu_idle start,0.002738631676953309
0.0,8.408907000004547,8.408907000004547,core 5 cpu_idle start,0.002730161880226476
