Start Time (Seconds),End Time (Seconds),Duration (Seconds),Component,Energy Consumption (Joule)
0,25.739,25.739,screen dark,10.869936699930001
0,25.739,25.739,wifi running,0.06231103032000002
0,25.739,25.739,phone_scanning,0.508457610597309
0.0,8.263038000004599,8.263038000004599,core 0 cpu_idle start,0.002679083495551491
0.0,8.260102000000188,8.260102000000188,core 1 cpu_idle start,0.002678131570950061
0.0,8.260101000007126,8.260101000007126,core 2 cpu_idle start,0.0026781312467273103
0.0,8.271324999994249,8.271324999994249,core 3 cpu_idle start,0.0026817703481231353
0.0,8.261765000002924,8.261765000002924,core 4 cpu_idle start,0.002678670757125948
0.0,8.259986000004574,8.259986000004574,core 5 cpu_idle start,0.002678093960851483
