Start Time (Seconds),End Time (Seconds),Duration (Seconds),Component,Energy Consumption (Joule)
0,25.84,25.84,screen dark,10.9731738312
0,25.84,25.84,wifi running,0.06290282880000002
0,25.84,25.84,phone_scanning,0.5132866824253723
0.0,8.310106000019005,8.310106000019005,core 0 cpu_idle start,0.0027093023086561963
0.0,8.310473000019556,8.310473000019556,core 1 cpu_idle start,0.002709421959831376
0.0,8.336113000026671,8.336113000026671,core 2 cpu_idle start,0.0027177812408336957
0.0,8.361541000020225,8.361541000020225,core 3 cpu_idle start,0.002726071404531594
0.0,8.338013000029605,8.338013000029605,core 4 cpu_idle start,0.002718400688334652
0.0,8.311388000001898,8.311388000001898,core 5 cpu_idle start,0.002709720272700619
