Start Time (Seconds),End Time (Seconds),Duration (Seconds),Component,Energy Consumption (Joule)
0,25.771,25.771,screen dark,10.84316963993
0,25.771,25.771,wifi running,0.06215759032000002
0,25.771,25.771,phone_scanning,0.5072055411744573
0.0,8.29413699998986,8.29413699998986,core 0 cpu_idle start,0.0026792136044217246
0.0,8.295565000007628,8.295565000007628,core 1 cpu_idle start,0.002679674884127464
0.0,8.29433400000562,8.29433400000562,core 2 cpu_idle start,0.002679277240351815
0.0,8.296768000000156,8.296768000000156,core 3 cpu_idle start,0.0026800634832000506
0.0,8.295350000000326,8.295350000000326,core 4 cpu_idle start,0.0026796054337501055
0.0,8.298022000002675,8.298022000002675,core 5 cpu_idle start,0.002680468556550864
