Start Time (Seconds),End Time (Seconds),Duration (Seconds),Component,Energy Consumption (Joule)
0,25.666,25.666,screen dark,10.841615098959998
0,25.666,25.666,wifi running,0.06214867904
0,25.666,25.666,phone_scanning,0.5071328251864068
0.0,8.180628000009165,8.180628000009165,core 0 cpu_idle start,0.002652977660402972
0.0,8.177664000009827,8.177664000009827,core 1 cpu_idle start,0.0026520164352031865
0.0,8.177721000007296,8.177721000007296,core 2 cpu_idle start,0.0026520349203023657
0.0,8.17770200000814,8.17770200000814,core 3 cpu_idle start,0.0026520287586026393
0.0,8.18073400000867,8.18073400000867,core 4 cpu_idle start,0.0026530120362028113
0.0,8.27733000000444,8.27733000000444,core 5 cpu_idle start,0.00268433811900144
