Start Time (Seconds),End Time (Seconds),Duration (Seconds),Component,Energy Consumption (Joule)
0,26.992,26.992,screen dark,11.393822282079999
0,1.9609999999999999,1.9609999999999999,wifi running,0.004745149359999999
1.9609999999999999,2.294,0.3330000000000002,wifi scan,0.03705489696710202
2.294,26.992,24.698,wifi running,0.05976323248
0,26.992,26.992,phone_scanning,0.5329631453285355

