Start Time (Seconds),End Time (Seconds),Duration (Seconds),Component,Energy Consumption (Joule)
0,25.701999999999998,25.701999999999998,screen dark,10.869376057019998
0,25.701999999999998,25.701999999999998,wifi running,0.06230781648
0,25.701999999999998,25.701999999999998,phone_scanning,0.5084313856833753
0.0,8.359043000004021,8.359043000004021,core 0 cpu_idle start,0.0027139722860263053
0.0,8.336631000012858,8.336631000012858,core 1 cpu_idle start,0.0027066956699291745
0.0,8.338487000000896,8.338487000000896,core 2 cpu_idle start,0.0027072982667252906
0.0,8.33483600000909,8.33483600000909,core 3 cpu_idle start,0.0027061128783029513
0.0,8.334631000005174,8.334631000005174,core 4 cpu_idle start,0.00270604631992668
0.0,8.33553200001188,8.33553200001188,core 5 cpu_idle start,0.002706338852103857
