Start Time (Seconds),End Time (Seconds),Duration (Seconds),Component,Energy Consumption (Joule)
0,25.722,25.722,screen dark,10.84014232452
0,25.722,25.722,wifi running,0.062140236480000006
0,25.722,25.722,phone_scanning,0.5070639339505714
0.0,8.510115999997652,8.510115999997652,core 0 cpu_idle start,0.00275344803179924
0.0,8.508627999995952,8.508627999995952,core 1 cpu_idle start,0.00275296658939869
0.0,8.507120999995095,8.507120999995095,core 2 cpu_idle start,0.002752478999548413
0.0,8.507019999997283,8.507019999997283,core 3 cpu_idle start,0.0027524463209991205
0.0,8.64582099999825,8.64582099999825,core 4 cpu_idle start,0.0027973553845494336
0.0,8.507709999998042,8.507709999998042,core 5 cpu_idle start,0.002752669570499366
