Start Time (Seconds),End Time (Seconds),Duration (Seconds),Component,Energy Consumption (Joule)
0,25.725,25.725,screen dark,10.836380478000002
0,25.725,25.725,wifi running,0.062118672000000014
0,25.725,25.725,phone_scanning,0.5068879679310999
0.0,8.206732999999076,8.206732999999076,core 0 cpu_idle start,0.0026540574521997013
0.0,8.22427800000878,8.22427800000878,core 1 cpu_idle start,0.0026597315052028394
0.0,8.19238100000075,8.19238100000075,core 2 cpu_idle start,0.0026494160154002426
0.0,8.186054999998305,8.186054999998305,core 3 cpu_idle start,0.002647370186999452
0.0,8.185821999999462,8.185821999999462,core 4 cpu_idle start,0.0026472948347998257
0.0,8.203051000018604,8.203051000018604,core 5 cpu_idle start,0.0026528666934060165
