Start Time (Seconds),End Time (Seconds),Duration (Seconds),Component,Energy Consumption (Joule)
0,25.719,25.719,screen dark,10.82631557499
0,25.719,25.719,wifi running,0.06206097576000001
0,25.719,25.719,phone_scanning,0.5064171669801255
0.0,8.335583000000042,8.335583000000042,core 0 cpu_idle start,0.0026938520360250138
0.0,8.33585000000312,8.33585000000312,core 1 cpu_idle start,0.002693938323751008
0.0,8.352450999998837,8.352450999998837,core 2 cpu_idle start,0.002699303351924624
0.0,8.37879100000282,8.37879100000282,core 3 cpu_idle start,0.0027078157814259115
0.0,8.33833500000037,8.33833500000037,core 4 cpu_idle start,0.0026947414136251195
0.0,8.395918000001984,8.395918000001984,core 5 cpu_idle start,0.002713350799650641
