Start Time (Seconds),End Time (Seconds),Duration (Seconds),Component,Energy Consumption (Joule)
0,25.754,25.754,screen dark,10.83601687582
0,25.754,25.754,wifi running,0.062116587680000016
0,25.754,25.754,phone_scanning,0.5068709598931734
0.0,8.17458700001589,8.17458700001589,core 0 cpu_idle start,0.002640595965680133
0.0,8.176280999992741,8.176280999992741,core 1 cpu_idle start,0.002641143170022655
0.0,8.178363000013633,8.178363000013633,core 2 cpu_idle start,0.0026418157080794038
0.0,8.174246000009589,8.174246000009589,core 3 cpu_idle start,0.0026404858141530975
0.0,8.202808000001824,8.202808000001824,core 4 cpu_idle start,0.002649712054200589
0.0,8.189494999998715,8.189494999998715,core 5 cpu_idle start,0.002645411622374585
