Start Time (Seconds),End Time (Seconds),Duration (Seconds),Component,Energy Consumption (Joule)
0,25.826999999999998,25.826999999999998,screen dark,10.86673168641
0,25.826999999999998,25.826999999999998,wifi running,0.06229265784000001
0,25.826999999999998,25.826999999999998,phone_scanning,0.5083076912775099
0.0,8.299478000000818,8.299478000000818,core 0 cpu_idle start,0.002680938880950264
0.0,8.383865999989212,8.383865999989212,core 1 cpu_idle start,0.002708198314646515
0.0,8.29939299999387,8.29939299999387,core 2 cpu_idle start,0.00268091142382302
0.0,8.288303999986965,8.288303999986965,core 3 cpu_idle start,0.0026773293995957896
0.0,8.299339999997756,8.299339999997756,core 4 cpu_idle start,0.002680894303499275
0.0,8.385970000002999,8.385970000002999,core 5 cpu_idle start,0.0027088779592509687
