Start Time (Seconds),End Time (Seconds),Duration (Seconds),Component,Energy Consumption (Joule)
0,25.826999999999998,25.826999999999998,screen dark,10.86673168641
0,25.826999999999998,25.826999999999998,wifi running,0.06229265784000001
0,25.826999999999998,25.826999999999998,phone_scanning,0.5083076912775099
0.0,8.52848899998935,8.52848899998935,core 0 cpu_idle start,0.0027549151592215597
0.0,8.516628000012133,8.516628000012133,core 1 cpu_idle start,0.0027510837597039192
0.0,8.506859999994049,8.506859999994049,core 2 cpu_idle start,0.002747928451498078
0.0,8.504950000002282,8.504950000002282,core 3 cpu_idle start,0.002747311473750737
0.0,8.576086999994004,8.576086999994004,core 4 cpu_idle start,0.002770290503173063
0.0,8.57884999999078,8.57884999999078,core 5 cpu_idle start,0.002771183021247022
