Start Time (Seconds),End Time (Seconds),Duration (Seconds),Component,Energy Consumption (Joule)
0,25.73,25.73,screen dark,10.853568056599999
0,25.73,25.73,wifi running,0.0622171984
0,25.73,25.73,phone_scanning,0.5076919427276565
0.0,8.540164999998524,8.540164999998524,core 0 cpu_idle start,0.0027657324352495212
0.0,8.533903999996255,8.533903999996255,core 1 cpu_idle start,0.0027637048103987868
0.0,8.533458999998402,8.533458999998402,core 2 cpu_idle start,0.0027635606971494818
0.0,8.535752999996475,8.535752999996475,core 3 cpu_idle start,0.002764303609048858
0.0,8.53675099999964,8.53675099999964,core 4 cpu_idle start,0.0027646268113498827
0.0,8.533898999994562,8.533898999994562,core 5 cpu_idle start,0.0027637031911482385
