Start Time (Seconds),End Time (Seconds),Duration (Seconds),Component,Energy Consumption (Joule)
0,25.721,25.721,screen dark,10.50804653718
0,25.721,25.721,wifi running,0.06023652432000001
0,25.721,25.721,phone_scanning,0.4915296548483374
0.0,8.113141000008909,8.113141000008909,core 0 cpu_idle start,0.0025446866746527946
0.0,8.113221000035992,8.113221000035992,core 1 cpu_idle start,0.002544711766661289
0.0,8.115043000027072,8.115043000027072,core 2 cpu_idle start,0.002545283236958491
0.0,8.112959000020055,8.112959000020055,core 3 cpu_idle start,0.0025446295903562904
0.0,8.114286000025459,8.114286000025459,core 4 cpu_idle start,0.002545045803907985
0.0,8.11567300002207,8.11567300002207,core 5 cpu_idle start,0.0025454808364569225
