Start Time (Seconds),End Time (Seconds),Duration (Seconds),Component,Energy Consumption (Joule)
0,25.593,25.593,screen dark,10.82327995593
0,25.593,25.593,wifi running,0.06204357432
0,25.593,25.593,phone_scanning,0.5062751713405427
0.0,8.501136000006227,8.501136000006227,core 0 cpu_idle start,0.002760106330802021
0.0,8.594229000009364,8.594229000009364,core 1 cpu_idle start,0.00279033130057804
0.0,8.50274699999136,8.50274699999136,core 2 cpu_idle start,0.002760629382222194
0.0,8.504451999993762,8.504451999993762,core 3 cpu_idle start,0.0027611829530979743
0.0,8.501092999998946,8.501092999998946,core 4 cpu_idle start,0.0027600923697746575
0.0,8.513514999998733,8.513514999998733,core 5 cpu_idle start,0.0027641254826245884
