Start Time (Seconds),End Time (Seconds),Duration (Seconds),Component,Energy Consumption (Joule)
0,25.692,25.692,screen dark,10.830009136200001
0,25.692,25.692,wifi running,0.06208214880000001
0,25.692,25.692,phone_scanning,0.5065899388516898
0.0,8.280138000001898,8.280138000001898,core 0 cpu_idle start,0.002679659660250614
0.0,8.252877000006265,8.252877000006265,core 1 cpu_idle start,0.002670837319127028
0.0,8.338638000001083,8.338638000001083,core 2 cpu_idle start,0.0026985917227503506
0.0,8.243371000004117,8.243371000004117,core 3 cpu_idle start,0.0026677609398763325
0.0,8.24351200000092,8.24351200000092,core 4 cpu_idle start,0.002667806571000298
0.0,8.25270399999863,8.25270399999863,core 5 cpu_idle start,0.002670781331999557
