Start Time (Seconds),End Time (Seconds),Duration (Seconds),Component,Energy Consumption (Joule)
0,25.721,25.721,screen dark,10.82715746741
0,25.721,25.721,wifi running,0.06206580184000001
0,25.721,25.721,phone_scanning,0.5064565477621917
0.0,8.346086999998079,8.346086999998079,core 0 cpu_idle start,0.002697246666224379
0.0,8.346478999999817,8.346478999999817,core 1 cpu_idle start,0.002697373350824941
0.0,8.348255999997491,8.348255999997491,core 2 cpu_idle start,0.002697947632799189
0.0,8.350915999995777,8.350915999995777,core 3 cpu_idle start,0.002698807278298635
0.0,8.348072000000684,8.348072000000684,core 4 cpu_idle start,0.002697888168600221
0.0,8.373562000000675,8.373562000000675,core 5 cpu_idle start,0.0027061258993502178
