Start Time (Seconds),End Time (Seconds),Duration (Seconds),Component,Energy Consumption (Joule)
0,26.866,26.866,screen dark,11.332761733719998
0,3.646,3.646,wifi running,0.00881631968
3.646,9.739,6.093000000000001,wifi scan,0.6775337386576664
9.739,14.623,4.883999999999999,wifi running,0.011809902719999996
14.623,14.815,0.19200000000000017,wifi scan,0.02135015227675563
14.815,26.866,12.051,wifi running,0.02914028208
0,26.866,26.866,audio,4.004923055924
0,26.866,26.866,phone_scanning,0.5301069464951892

