Start Time (Seconds),End Time (Seconds),Duration (Seconds),Component,Energy Consumption (Joule)
0,25.643,25.643,screen dark,10.84442495643
0,25.643,25.643,wifi running,0.062164786320000005
0,25.643,25.643,phone_scanning,0.507264260488631
0.0,8.486919999995735,8.486919999995735,core 0 cpu_idle start,0.0027554907509986146
0.0,8.487223999982234,8.487223999982234,core 1 cpu_idle start,0.0027555894521942314
0.0,8.483193999971263,8.483193999971263,core 2 cpu_idle start,0.0027542810119406697
0.0,8.48198399998364,8.48198399998364,core 3 cpu_idle start,0.002753888155194688
0.0,8.48185799998464,8.48185799998464,core 4 cpu_idle start,0.002753847246145013
0.0,8.4905049999943,8.4905049999943,core 5 cpu_idle start,0.0027566547108731493
