Start Time (Seconds),End Time (Seconds),Duration (Seconds),Component,Energy Consumption (Joule)
0,25.746,25.746,screen dark,10.83265086918
0,25.746,25.746,wifi running,0.06209729232000001
0,25.746,25.746,phone_scanning,0.5067135098784517
0.0,8.296636999999464,8.296636999999464,core 0 cpu_idle start,0.0026800211669248267
0.0,8.354094000002078,8.354094000002078,core 1 cpu_idle start,0.0026985812143506716
0.0,8.289875000002212,8.289875000002212,core 2 cpu_idle start,0.0026778368718757147
0.0,8.293331000000762,8.293331000000762,core 3 cpu_idle start,0.0026789532462752463
0.0,8.307219000002078,8.307219000002078,core 4 cpu_idle start,0.0026834394174756714
0.0,8.290062000000034,8.290062000000034,core 5 cpu_idle start,0.002677897277550011
