Start Time (Seconds),End Time (Seconds),Duration (Seconds),Component,Energy Consumption (Joule)
0,25.701999999999998,25.701999999999998,screen dark,10.856821915119998
0,25.701999999999998,25.701999999999998,wifi running,0.06223585087999999
0,25.701999999999998,25.701999999999998,phone_scanning,0.5078441468456724
0.0,8.254407000000356,8.254407000000356,core 0 cpu_idle start,0.0026769041901001153
0.0,8.253867999999784,8.253867999999784,core 1 cpu_idle start,0.0026767293923999295
0.0,8.253768999995373,8.253768999995373,core 2 cpu_idle start,0.002676697286698499
0.0,8.255499999999302,8.255499999999302,core 3 cpu_idle start,0.0026772586499997733
0.0,8.255450999997265,8.255450999997265,core 4 cpu_idle start,0.002677242759299113
0.0,8.283729999995558,8.283729999995558,core 5 cpu_idle start,0.0026864136389985593
