Start Time (Seconds),End Time (Seconds),Duration (Seconds),Component,Energy Consumption (Joule)
0,25.691,25.691,screen dark,10.82205834248
0,25.691,25.691,wifi running,0.06203657152000001
0,25.691,25.691,phone_scanning,0.5062180285371385
0.0,8.42439299999387,8.42439299999387,core 0 cpu_idle start,0.0027244486961980176
0.0,8.389491999987513,8.389491999987513,core 1 cpu_idle start,0.0027131617127959615
0.0,8.391558999981498,8.391558999981498,core 2 cpu_idle start,0.0027138301805940167
0.0,8.389936999999918,8.389936999999918,core 3 cpu_idle start,0.0027133056257999735
0.0,8.4691799999855,8.4691799999855,core 4 cpu_idle start,0.0027389328119953103
0.0,8.398661999992328,8.398661999992328,core 5 cpu_idle start,0.002716127290797519
