Start Time (Seconds),End Time (Seconds),Duration (Seconds),Component,Energy Consumption (Joule)
0,26.838,26.838,screen dark,11.32095062196
0,3.918,3.918,wifi running,0.009474037440000001
3.918,10.309,6.390999999999999,wifi scan,0.7106709541705474
10.309,26.838,16.529000000000003,wifi running,0.039968444320000004
0,26.838,26.838,audio,4.000749087132
0,26.838,26.838,phone_scanning,0.5295544640079614

