Start Time (Seconds),End Time (Seconds),Duration (Seconds),Component,Energy Consumption (Joule)
0,25.835,25.835,screen dark,10.925621758350001
0,25.835,25.835,wifi running,0.06263024040000001
0,25.835,25.835,phone_scanning,0.5110623628172907
0.0,8.207010000012815,8.207010000012815,core 0 cpu_idle start,0.00266461097175416
0.0,8.25231400001212,8.25231400001212,core 1 cpu_idle start,0.002679320047953935
0.0,8.207083999994211,8.207083999994211,core 2 cpu_idle start,0.0026646349976981202
0.0,8.209549999999581,8.209549999999581,core 3 cpu_idle start,0.002665435646249864
0.0,8.229433000000427,8.229433000000427,core 4 cpu_idle start,0.0026718911592751382
0.0,8.214357999997446,8.214357999997446,core 5 cpu_idle start,0.0026669966836491707
