Start Time (Seconds),End Time (Seconds),Duration (Seconds),Component,Energy Consumption (Joule)
0,25.73,25.73,screen dark,10.926461403900001
0,25.73,25.73,wifi running,0.06263505360000002
0,25.73,25.73,phone_scanning,0.511101638498639
0.0,8.189903999998933,8.189903999998933,core 0 cpu_idle start,0.002670113451599652
0.0,8.189884000021266,8.189884000021266,core 1 cpu_idle start,0.0026701069311069335
0.0,8.191997999994783,8.191997999994783,core 2 cpu_idle start,0.002670796147948299
0.0,8.190036999993026,8.190036999993026,core 3 cpu_idle start,0.0026701568129227264
0.0,8.18984000000637,8.18984000000637,core 4 cpu_idle start,0.002670092586002077
0.0,8.37829399999464,8.37829399999464,core 5 cpu_idle start,0.0027315333013482523
