Start Time (Seconds),End Time (Seconds),Duration (Seconds),Component,Energy Consumption (Joule)
0,26.831,26.831,screen dark,11.317997844019999
0,3.569,3.569,wifi running,0.00863012752
3.569,9.483,5.914000000000001,wifi scan,0.6576291696079828
9.483,12.849,3.3659999999999997,wifi running,0.00813925728
12.849,13.003,0.15399999999999991,wifi scan,0.017124601305314388
13.003,26.831,13.828,wifi running,0.03343721024
0,26.831,26.831,audio,3.9997055949340004
0,26.831,26.831,phone_scanning,0.5294163433861543

