Start Time (Seconds),End Time (Seconds),Duration (Seconds),Component,Energy Consumption (Joule)
0,25.676,25.676,screen dark,10.805706599519999
0,25.676,25.676,wifi running,0.061942836480000006
0,25.676,25.676,phone_scanning,0.5054531512076691
0.0,8.349353999990853,8.349353999990853,core 0 cpu_idle start,0.002697676277397044
0.0,8.34819599999173,8.34819599999173,core 1 cpu_idle start,0.0026973021275973276
0.0,8.349245999997947,8.349245999997947,core 2 cpu_idle start,0.002697641382599336
0.0,8.349692999996478,8.349692999996478,core 3 cpu_idle start,0.0026977858082988613
0.0,8.35969599999953,8.35969599999953,core 4 cpu_idle start,0.002701017777599848
0.0,8.353348000004189,8.353348000004189,core 5 cpu_idle start,0.002698966738801353
