Start Time (Seconds),End Time (Seconds),Duration (Seconds),Component,Energy Consumption (Joule)
0,25.709,25.709,screen dark,10.81708308847
0,25.709,25.709,wifi running,0.06200805128000001
0,25.709,25.709,phone_scanning,0.5059853035603633
0.0,8.347137000004295,8.347137000004295,core 0 cpu_idle start,0.0026963339294263874
0.0,8.349802000004274,8.349802000004274,core 1 cpu_idle start,0.0026971947910513806
0.0,8.357424000001629,8.357424000001629,core 2 cpu_idle start,0.002699656887600526
0.0,8.347836000000825,8.347836000000825,core 3 cpu_idle start,0.0026965597239002664
0.0,8.357373000006191,8.357373000006191,core 4 cpu_idle start,0.002699640413327
0.0,8.37845300000481,8.37845300000481,core 5 cpu_idle start,0.002706449780326554
