Start Time (Seconds),End Time (Seconds),Duration (Seconds),Component,Energy Consumption (Joule)
0,25.772,25.772,screen dark,10.871284724239999
0,25.772,25.772,wifi running,0.062318757759999996
0,25.772,25.772,phone_scanning,0.5085206664584984
0.0,8.437784000001557,8.437784000001557,core 0 cpu_idle start,0.0027325763484005033
0.0,8.437039000004006,8.437039000004006,core 1 cpu_idle start,0.002732335080151297
0.0,8.438874999999825,8.438874999999825,core 2 cpu_idle start,0.002732929668749943
0.0,8.436840000002121,8.436840000002121,core 3 cpu_idle start,0.0027322706340006863
0.0,8.44246099999873,8.44246099999873,core 4 cpu_idle start,0.002734090994849588
0.0,8.45165100000304,8.45165100000304,core 5 cpu_idle start,0.002737067176350984
