Start Time (Seconds),End Time (Seconds),Duration (Seconds),Component,Energy Consumption (Joule)
0,25.684,25.684,screen dark,10.81158245764
0,25.684,25.684,wifi running,0.06197651936000001
0,25.684,25.684,phone_scanning,0.5057280032939673
0.0,8.495673999997962,8.495673999997962,core 0 cpu_idle start,0.0027455894449493414
0.0,8.500678999997035,8.500678999997035,core 1 cpu_idle start,0.002747206935824042
0.0,8.495734999996785,8.495734999996785,core 2 cpu_idle start,0.0027456091586239607
0.0,8.493899999994028,8.493899999994028,core 3 cpu_idle start,0.0027450161324980697
0.0,8.517802999995183,8.517802999995183,core 4 cpu_idle start,0.0027527409845234433
0.0,8.561221999996633,8.561221999996633,core 5 cpu_idle start,0.0027667729198489117
