Start Time (Seconds),End Time (Seconds),Duration (Seconds),Component,Energy Consumption (Joule)
0,25.839,25.839,screen dark,10.899547027379999
0,25.839,25.839,wifi running,0.062480769119999995
0,25.839,25.839,phone_scanning,0.5098426781243651
0.0,8.321127000002889,8.321127000002889,core 0 cpu_idle start,0.002694796978950935
0.0,8.317131000003428,8.317131000003428,core 1 cpu_idle start,0.0026935028743511097
0.0,8.364197000002605,8.364197000002605,core 2 cpu_idle start,0.002708745198450843
0.0,8.354979000003368,8.354979000003368,core 3 cpu_idle start,0.00270575994915109
0.0,8.338956000006874,8.338956000006874,core 4 cpu_idle start,0.0027005709006022254
0.0,9.215656000007584,9.215656000007584,core 5 cpu_idle start,0.0029844901956024555
