Start Time (Seconds),End Time (Seconds),Duration (Seconds),Component,Energy Consumption (Joule)
0,25.638,25.638,screen dark,10.84231045638
0,25.638,25.638,wifi running,0.06215266512000001
0,25.638,25.638,phone_scanning,0.5071653515738223
0.0,8.45102800001041,8.45102800001041,core 0 cpu_idle start,0.0027438375159033798
0.0,8.452739000000292,8.452739000000292,core 1 cpu_idle start,0.0027443930348250946
0.0,8.450961000009556,8.450961000009556,core 2 cpu_idle start,0.0027438157626781022
0.0,8.452090000006137,8.452090000006137,core 3 cpu_idle start,0.002744182320751992
0.0,8.486043000011705,8.486043000011705,core 4 cpu_idle start,0.0027552060110288
0.0,8.535232000009273,8.535232000009273,core 5 cpu_idle start,0.0027711764496030104
