Start Time (Seconds),End Time (Seconds),Duration (Seconds),Component,Energy Consumption (Joule)
0,25.804,25.804,screen dark,10.85705441732
0,25.804,25.804,wifi running,0.06223718368000001
0,25.804,25.804,phone_scanning,0.5078550224851847
0.0,8.25685599999997,8.25685599999997,core 0 cpu_idle start,0.0026671709093999906
0.0,8.258493000001181,8.258493000001181,core 1 cpu_idle start,0.0026676997013253814
0.0,8.258908999996493,8.258908999996493,core 2 cpu_idle start,0.0026678340797238673
0.0,8.256938999998965,8.256938999998965,core 3 cpu_idle start,0.0026671977204746657
0.0,8.260473999995156,8.260473999995156,core 4 cpu_idle start,0.0026683396138484352
0.0,8.257685999997193,8.257685999997193,core 5 cpu_idle start,0.0026674390201490935
