Start Time (Seconds),End Time (Seconds),Duration (Seconds),Component,Energy Consumption (Joule)
0,25.759,25.759,screen dark,10.52357104122
0,25.759,25.759,wifi running,0.06032551728000001
0,25.759,25.759,phone_scanning,0.4922558368352056
0.0,8.193190000019968,8.193190000019968,core 0 cpu_idle start,0.002569794043506263
0.0,8.188045000017155,8.188045000017155,core 1 cpu_idle start,0.0025681803142553806
0.0,8.18809800001327,8.18809800001327,core 2 cpu_idle start,0.002568196937704162
0.0,8.191752000013366,8.191752000013366,core 3 cpu_idle start,0.0025693430148041926
0.0,8.193742000003112,8.193742000003112,core 4 cpu_idle start,0.0025699671783009762
0.0,8.669651000003796,8.669651000003796,core 5 cpu_idle start,0.002719236036151191
