Start Time (Seconds),End Time (Seconds),Duration (Seconds),Component,Energy Consumption (Joule)
0,25.781,25.781,screen dark,10.890192428359999
0,25.781,25.781,wifi running,0.062427144639999994
0,25.781,25.781,phone_scanning,0.5094051027090607
0.0,8.355217000003904,8.355217000003904,core 0 cpu_idle start,0.0027095968731012656
0.0,8.356336000004376,8.356336000004376,core 1 cpu_idle start,0.002709959764801419
0.0,8.356236000006902,8.356236000006902,core 2 cpu_idle start,0.002709927334802238
0.0,8.358412000001408,8.358412000001408,core 3 cpu_idle start,0.0027106330116004563
0.0,8.371741000002658,8.371741000002658,core 4 cpu_idle start,0.0027149556063008617
0.0,8.76406400000269,8.76406400000269,core 5 cpu_idle start,0.002842185955200872
