Start Time (Seconds),End Time (Seconds),Duration (Seconds),Component,Energy Consumption (Joule)
0,25.74,25.74,screen dark,10.825097282999998
0,25.74,25.74,wifi running,0.062053992
0,25.74,25.74,phone_scanning,0.5063601795429999
0.0,8.554886999998416,8.554886999998416,core 0 cpu_idle start,0.0027621591401244885
0.0,8.46297699999559,8.46297699999559,core 1 cpu_idle start,0.0027324836988735757
0.0,8.471161000001302,8.471161000001302,core 2 cpu_idle start,0.0027351261078754205
0.0,8.46798399999534,8.46798399999534,core 3 cpu_idle start,0.0027341003339984953
0.0,8.480461999999534,8.480461999999534,core 4 cpu_idle start,0.002738129168249849
0.0,8.607298999995692,8.607298999995692,core 5 cpu_idle start,0.002779081664623609
