Start Time (Seconds),End Time (Seconds),Duration (Seconds),Component,Energy Consumption (Joule)
0,25.774,25.774,screen dark,10.945146374820002
0,25.774,25.774,wifi running,0.06274216368000002
0,25.774,25.774,phone_scanning,0.5119756560693323
0.0,8.164749999996275,8.164749999996275,core 0 cpu_idle start,0.0026619126187487855
0.0,8.170069999992847,8.170069999992847,core 1 cpu_idle start,0.0026636470717476685
0.0,8.163330000010319,8.163330000010319,core 2 cpu_idle start,0.0026614496632533643
0.0,8.163566000002902,8.163566000002902,core 3 cpu_idle start,0.0026615266051509463
0.0,8.164947000012035,8.164947000012035,core 4 cpu_idle start,0.002661976845678924
0.0,8.37517400001525,8.37517400001525,core 5 cpu_idle start,0.002730516103354972
