Start Time (Seconds),End Time (Seconds),Duration (Seconds),Component,Energy Consumption (Joule)
0,25.73,25.73,screen dark,10.868649438799999
0,25.73,25.73,wifi running,0.0623036512
0,25.73,25.73,phone_scanning,0.5083973970251011
0.0,8.285011000007216,8.285011000007216,core 0 cpu_idle start,0.00268682906730234
0.0,8.286555000006047,8.286555000006047,core 1 cpu_idle start,0.002687329786501961
0.0,8.285206000007747,8.285206000007747,core 2 cpu_idle start,0.002686892305802512
0.0,8.285216000003857,8.285216000003857,core 3 cpu_idle start,0.0026868955488012504
0.0,8.298560000002908,8.298560000002908,core 4 cpu_idle start,0.0026912230080009428
0.0,8.286896000005072,8.286896000005072,core 5 cpu_idle start,0.0026874403728016447
