Start Time (Seconds),End Time (Seconds),Duration (Seconds),Component,Energy Consumption (Joule)
0,25.682,25.682,screen dark,10.80572281606
0,25.682,25.682,wifi running,0.06194292944000001
0,25.682,25.682,phone_scanning,0.5054539097606772
0.0,8.083831000025384,8.083831000025384,core 0 cpu_idle start,0.0026112795087832
0.0,8.083566000015708,8.083566000015708,core 1 cpu_idle start,0.002611193907155074
0.0,8.08344900002703,8.08344900002703,core 2 cpu_idle start,0.0026111561132337317
0.0,8.08455200001481,8.08455200001481,core 3 cpu_idle start,0.002611512409804784
0.0,8.342670000012731,8.342670000012731,core 4 cpu_idle start,0.0026948909767541126
0.0,8.088673000020208,8.088673000020208,core 5 cpu_idle start,0.002612843595831528
