Start Time (Seconds),End Time (Seconds),Duration (Seconds),Component,Energy Consumption (Joule)
0,25.959,25.959,screen dark,10.929878600099999
0,25.959,25.959,wifi running,0.0626546424
0,25.959,25.959,phone_scanning,0.511261482981892
0.0,8.205259999987902,8.205259999987902,core 0 cpu_idle start,0.0026523502949960887
0.0,8.19981399999233,8.19981399999233,core 1 cpu_idle start,0.00265058987549752
0.0,8.201920999985305,8.201920999985305,core 2 cpu_idle start,0.002651270963245249
0.0,8.200224999993225,8.200224999993225,core 3 cpu_idle start,0.002650722731247809
0.0,8.256822999988799,8.256822999988799,core 4 cpu_idle start,0.0026690180347463785
0.0,8.26558799999475,8.26558799999475,core 5 cpu_idle start,0.0026718513209983024
