Start Time (Seconds),End Time (Seconds),Duration (Seconds),Component,Energy Consumption (Joule)
0,25.583,25.583,screen dark,10.78156290678
0,25.583,25.583,wifi running,0.06180443472
0,25.583,25.583,phone_scanning,0.5043237937274498
0.0,8.309278000000631,8.309278000000631,core 0 cpu_idle start,0.0026884668969002043
0.0,8.309226999997918,8.309226999997918,core 1 cpu_idle start,0.002688450395849326
0.0,8.309325999995053,8.309325999995053,core 2 cpu_idle start,0.002688482427298399
0.0,8.310686999997415,8.310686999997415,core 3 cpu_idle start,0.0026889227788491634
0.0,8.310336999995343,8.310336999995343,core 4 cpu_idle start,0.002688809536348493
0.0,8.358858999999939,8.358858999999939,core 5 cpu_idle start,0.00270450882944998
