Start Time (Seconds),End Time (Seconds),Duration (Seconds),Component,Energy Consumption (Joule)
0,25.795,25.795,screen dark,10.853267659850001
0,25.795,25.795,wifi running,0.06221547640000002
0,25.795,25.795,phone_scanning,0.5076778912186227
0.0,8.282859999977518,8.282859999977518,core 0 cpu_idle start,0.002675570851492738
0.0,8.319915999978548,8.319915999978548,core 1 cpu_idle start,0.0026875408658930703
0.0,8.283394999976736,8.283394999976736,core 2 cpu_idle start,0.0026757436698674852
0.0,8.28950299997814,8.28950299997814,core 3 cpu_idle start,0.002677716706567939
0.0,8.324090999987675,8.324090999987675,core 4 cpu_idle start,0.0026888894952710185
0.0,8.290167999977712,8.290167999977712,core 5 cpu_idle start,0.0026779315181928004
