Start Time (Seconds),End Time (Seconds),Duration (Seconds),Component,Energy Consumption (Joule)
0,25.71,25.71,screen dark,10.8727592571
0,25.71,25.71,wifi running,0.062327210400000006
0,25.71,25.71,phone_scanning,0.5085896399470695
0.0,8.310993999999482,8.310993999999482,core 0 cpu_idle start,0.0026983719769498316
0.0,8.310750000004191,8.310750000004191,core 1 cpu_idle start,0.0026982927562513603
0.0,8.312853000010364,8.312853000010364,core 2 cpu_idle start,0.0026989755477783645
0.0,8.308795999997528,8.308795999997528,core 3 cpu_idle start,0.002697658341299197
0.0,8.31077899999218,8.31077899999218,core 4 cpu_idle start,0.002698302171822461
0.0,8.318333000002895,8.318333000002895,core 5 cpu_idle start,0.0027007547667759393
