Start Time (Seconds),End Time (Seconds),Duration (Seconds),Component,Energy Consumption (Joule)
0,25.814,25.814,screen dark,10.90413200984
0,25.814,25.814,wifi running,0.06250705215999999
0,25.814,25.814,phone_scanning,0.5100571475633875
0.0,8.401623999998264,8.401623999998264,core 0 cpu_idle start,0.002724646663199437
0.0,8.4032739999966,8.4032739999966,core 1 cpu_idle start,0.002725181758198897
0.0,8.40143099999841,8.40143099999841,core 2 cpu_idle start,0.0027245840732994845
0.0,8.402893999998923,8.402893999998923,core 3 cpu_idle start,0.0027250585241996505
0.0,8.795679999995627,8.795679999995627,core 4 cpu_idle start,0.002852439023998582
0.0,8.419616999999562,8.419616999999562,core 5 cpu_idle start,0.002730481793099858
