Start Time (Seconds),End Time (Seconds),Duration (Seconds),Component,Energy Consumption (Joule)
0,25.738,25.738,screen dark,10.856942659959998
0,25.738,25.738,wifi running,0.062236543039999995
0,25.738,25.738,phone_scanning,0.5078497948668644
0.0,8.37793000000238,8.37793000000238,core 0 cpu_idle start,0.00271319263050077
0.0,8.374931999998807,8.374931999998807,core 1 cpu_idle start,0.0027122217281996134
0.0,8.375225000003411,8.375225000003411,core 2 cpu_idle start,0.002712316616251104
0.0,8.375571999997192,8.375571999997192,core 3 cpu_idle start,0.00271242899219909
0.0,8.395151999997324,8.395151999997324,core 4 cpu_idle start,0.002718769975199133
0.0,8.378277000003436,8.378277000003436,core 5 cpu_idle start,0.0027133050064511123
