Start Time (Seconds),End Time (Seconds),Duration (Seconds),Component,Energy Consumption (Joule)
0,25.714,25.714,screen dark,10.505186760119999
0,25.714,25.714,wifi running,0.06022013088000001
0,25.714,25.714,phone_scanning,0.4913958844823353
0.0,8.421423000021605,8.421423000021605,core 0 cpu_idle start,0.0026413793239567765
0.0,8.447792000020854,8.447792000020854,core 1 cpu_idle start,0.002649649960806541
0.0,8.436860000016168,8.436860000016168,core 2 cpu_idle start,0.002646221139005071
0.0,8.431647000019439,8.431647000019439,core 3 cpu_idle start,0.002644586081556097
0.0,8.420951000007335,8.420951000007335,core 4 cpu_idle start,0.0026412312811523006
0.0,8.433341000025393,8.433341000025393,core 5 cpu_idle start,0.002645117404657965
