Start Time (Seconds),End Time (Seconds),Duration (Seconds),Component,Energy Consumption (Joule)
0,25.892,25.892,screen dark,10.934550722040001
0,25.892,25.892,wifi running,0.06268142496000002
0,25.892,25.892,phone_scanning,0.5114800285009333
0.0,8.280054999981076,8.280054999981076,core 0 cpu_idle start,0.002684600832368864
0.0,8.274849999987055,8.274849999987055,core 1 cpu_idle start,0.0026829132412458027
0.0,8.272916999994777,8.272916999994777,core 2 cpu_idle start,0.0026822865143233065
0.0,8.279546999983722,8.279546999983722,core 3 cpu_idle start,0.002684436126069722
0.0,10.368980999977794,10.368980999977794,core 4 cpu_idle start,0.0033618828647178
0.0,8.273140999983298,8.273140999983298,core 5 cpu_idle start,0.0026823591407195845
