Start Time (Seconds),End Time (Seconds),Duration (Seconds),Component,Energy Consumption (Joule)
0,25.988,25.988,screen dark,10.939550105479999
0,25.988,25.988,wifi running,0.06271008352000002
0,25.988,25.988,phone_scanning,0.5117138821680276
0.0,8.454334999994899,8.454334999994899,core 0 cpu_idle start,0.002732229713623351
0.0,8.450075000000652,8.450075000000652,core 1 cpu_idle start,0.0027308529881252103
0.0,8.45020199999999,8.45020199999999,core 2 cpu_idle start,0.0027308940313499966
0.0,8.450200999999652,8.450200999999652,core 3 cpu_idle start,0.002730893708174887
0.0,8.494075999995403,8.494075999995403,core 4 cpu_idle start,0.002745073011298514
0.0,8.583203999995021,8.583203999995021,core 5 cpu_idle start,0.002773876952698391
