Start Time (Seconds),End Time (Seconds),Duration (Seconds),Component,Energy Consumption (Joule)
0,25.746,25.746,screen dark,10.94583157248
0,25.746,25.746,wifi running,0.06274609152
0,25.746,25.746,phone_scanning,0.5120077072187187
0.0,8.337216999992961,8.337216999992961,core 0 cpu_idle start,0.0027212676287977026
0.0,8.338600999995833,8.338600999995833,core 1 cpu_idle start,0.00272171936639864
0.0,8.33780699998897,8.33780699998897,core 2 cpu_idle start,0.0027214602047964
0.0,8.338197999997647,8.338197999997647,core 3 cpu_idle start,0.002721587827199232
0.0,8.337956999996095,8.337956999996095,core 4 cpu_idle start,0.0027215091647987254
0.0,8.352908999993815,8.352908999993815,core 5 cpu_idle start,0.0027263894975979816
