Start Time (Seconds),End Time (Seconds),Duration (Seconds),Component,Energy Consumption (Joule)
0,25.738,25.738,screen dark,10.824256172099998
0,25.738,25.738,wifi running,0.062049170400000006
0,25.738,25.738,phone_scanning,0.5063208353177052
0.0,8.359117000007245,8.359117000007245,core 0 cpu_idle start,0.002698949901377339
0.0,8.376961000009032,8.376961000009032,core 1 cpu_idle start,0.0027047112828779162
0.0,8.58665600000677,8.58665600000677,core 2 cpu_idle start,0.0027724165560021855
0.0,8.371149000005971,8.371149000005971,core 3 cpu_idle start,0.0027028347333769276
0.0,8.363020000004326,8.363020000004326,core 4 cpu_idle start,0.0027002100825013965
0.0,8.370699000006425,8.370699000006425,core 5 cpu_idle start,0.002702689439627074
