Start Time (Seconds),End Time (Seconds),Duration (Seconds),Component,Energy Consumption (Joule)
0,25.963,25.963,screen dark,10.95185337946
0,25.963,25.963,wifi running,0.06278061104
0,25.963,25.963,phone_scanning,0.5122893862820889
0.0,8.226559000002453,8.226559000002453,core 0 cpu_idle start,0.0026641711321507937
0.0,8.226494000002276,8.226494000002276,core 1 cpu_idle start,0.0026641500819007367
0.0,8.227579999998852,8.227579999998852,core 2 cpu_idle start,0.0026645017829996275
0.0,8.226673999997729,8.226673999997729,core 3 cpu_idle start,0.002664208374899264
0.0,8.228327999997418,8.228327999997418,core 4 cpu_idle start,0.0026647440227991633
0.0,8.29853500000172,8.29853500000172,core 5 cpu_idle start,0.0026874805597505566
