Start Time (Seconds),End Time (Seconds),Duration (Seconds),Component,Energy Consumption (Joule)
0,25.697,25.697,screen dark,10.81203407851
0,25.697,25.697,wifi running,0.06197910824000001
0,25.697,25.697,phone_scanning,0.5057491285382806
0.0,8.36261700000614,8.36261700000614,core 0 cpu_idle start,0.002701334356426983
0.0,8.360858000000007,8.360858000000007,core 1 cpu_idle start,0.0027007661554500025
0.0,8.351954999990994,8.351954999990994,core 2 cpu_idle start,0.002697890263872091
0.0,8.360856999992393,8.360856999992393,core 3 cpu_idle start,0.0027007658324225427
0.0,8.58159000001615,8.58159000001615,core 4 cpu_idle start,0.0027720681097552166
0.0,8.372285999997985,8.372285999997985,core 5 cpu_idle start,0.002704457685149349
