Start Time (Seconds),End Time (Seconds),Duration (Seconds),Component,Energy Consumption (Joule)
0,25.775,25.775,screen dark,10.84485264325
0,25.775,25.775,wifi running,0.062167238000000014
0,25.775,25.775,phone_scanning,0.5072842661818181
0.0,8.21951400002581,8.21951400002581,core 0 cpu_idle start,0.0026551085098583376
0.0,8.215268000029027,8.215268000029027,core 1 cpu_idle start,0.0026537369457093766
0.0,8.216717000032077,8.216717000032077,core 2 cpu_idle start,0.0026542050089353618
0.0,8.21400900001754,8.21400900001754,core 3 cpu_idle start,0.002653330257230666
0.0,8.219408000004478,8.219408000004478,core 4 cpu_idle start,0.0026550742692014466
0.0,8.446925000025658,8.446925000025658,core 5 cpu_idle start,0.0027285679481332883
