Start Time (Seconds),End Time (Seconds),Duration (Seconds),Component,Energy Consumption (Joule)
0,25.692,25.692,screen dark,10.80993032436
0,25.692,25.692,wifi running,0.061967048640000015
0,25.692,25.692,phone_scanning,0.5056507222790795
0.0,8.343077999998059,8.343077999998059,core 0 cpu_idle start,0.002695022770949373
0.0,8.34270000000106,8.34270000000106,core 1 cpu_idle start,0.0026949006675003424
0.0,8.34512900000118,8.34512900000118,core 2 cpu_idle start,0.002695685295225381
0.0,8.341819000001124,8.341819000001124,core 3 cpu_idle start,0.002694616082475363
0.0,8.341847000003327,8.341847000003327,core 4 cpu_idle start,0.0026946251271760748
0.0,8.366586000003736,8.366586000003736,core 5 cpu_idle start,0.0027026164426512066
